{"loss": [1.0089200735092163, 0.25594645738601685, 0.1497059464454651, 0.10670465230941772, 0.08400090038776398, 0.06875946372747421, 0.0607401579618454, 0.05124036595225334, 0.0446748360991478, 0.0381857194006443, 0.034211400896310806, 0.029710935428738594, 0.026160648092627525, 0.02345755696296692, 0.02018657885491848, 0.01752748154103756, 0.01648668386042118, 0.014371484518051147, 0.012570923194289207, 0.011010409332811832, 0.009418448433279991, 0.00797121599316597, 0.007089225575327873, 0.0065892525017261505, 0.0059113395400345325], "accuracy": [0.7021499872207642, 0.9247833490371704, 0.9552500247955322, 0.9673666954040527, 0.9747499823570251, 0.9798833131790161, 0.9820500016212463, 0.9848666787147522, 0.9870166778564453, 0.9887333512306213, 0.990149974822998, 0.991516649723053, 0.9924166798591614, 0.9935500025749207, 0.9947666525840759, 0.9953500032424927, 0.9958166480064392, 0.9964166879653931, 0.9972500205039978, 0.9975166916847229, 0.998116672039032, 0.9986833333969116, 0.9987333416938782, 0.9991000294685364, 0.9991833567619324], "val_loss": [2.002655029296875, 2.1220579147338867, 2.4346537590026855, 2.739635467529297, 3.0620477199554443, 3.3459784984588623, 3.6402132511138916, 3.9114186763763428, 4.214518070220947, 4.453248500823975, 4.6186041831970215, 4.750179290771484, 4.939749717712402, 5.005898952484131, 5.16799259185791, 5.060582160949707, 4.926655292510986, 4.769278049468994, 4.702638149261475, 4.459511756896973, 3.9730305671691895, 3.5513718128204346, 3.2637271881103516, 2.336498498916626, 2.2663097381591797], "val_accuracy": [0.7285000085830688, 0.11349999904632568, 0.11349999904632568, 0.11349999904632568, 0.11349999904632568, 0.11349999904632568, 0.11349999904632568, 0.11349999904632568, 0.11349999904632568, 0.11349999904632568, 0.11349999904632568, 0.11349999904632568, 0.11349999904632568, 0.11349999904632568, 0.11349999904632568, 0.11349999904632568, 0.11349999904632568, 0.11349999904632568, 0.1136000007390976, 0.11569999903440475, 0.12399999797344208, 0.14839999377727509, 0.17649999260902405, 0.32760000228881836, 0.36980000138282776]}