{"loss": [4.628665924072266, 3.6655280590057373, 2.9419753551483154, 2.4237582683563232, 1.977816104888916, 1.7561115026474, 1.491213321685791, 1.2902380228042603, 1.1297670602798462, 1.0084843635559082, 0.9107669591903687, 0.8242730498313904, 0.790158748626709, 0.7370442748069763, 0.6728596687316895, 0.6588091254234314, 0.5898959040641785, 0.6029645800590515, 0.5195462703704834, 0.49165838956832886, 0.49954479932785034, 0.4325399100780487, 0.4934893548488617, 0.42027387022972107, 0.42637306451797485, 0.40239018201828003, 0.35810452699661255, 0.3912520706653595, 0.3224664032459259, 0.321254700422287, 0.3172191083431244, 0.2948896288871765, 0.3043787479400635, 0.31355151534080505, 0.26916956901550293, 0.2955111563205719, 0.30707547068595886, 0.23147083818912506, 0.2843729257583618, 0.22007295489311218, 0.20965789258480072, 0.251781165599823, 0.229314923286438, 0.24576948583126068, 0.2463098168373108, 0.22839511930942535, 0.17704978585243225, 0.20148319005966187, 0.2698654234409332, 0.23845405876636505, 0.2078048586845398, 0.19039826095104218, 0.197662353515625, 0.20897559821605682, 0.15243899822235107, 0.20705454051494598, 0.16585838794708252, 0.19414234161376953, 0.14871646463871002, 0.1663527637720108, 0.20120711624622345, 0.18146787583827972, 0.18797311186790466, 0.14744378626346588, 0.16552749276161194, 0.16750642657279968, 0.15802119672298431, 0.18924489617347717, 0.14913761615753174, 0.1983613818883896, 0.1638927012681961, 0.16299855709075928, 0.11711161583662033, 0.1343737095594406, 0.149513378739357, 0.15654554963111877, 0.15788592398166656, 0.14222019910812378, 0.1589171141386032, 0.1499427855014801, 0.1337386965751648, 0.1513127088546753, 0.1322406828403473, 0.10006362944841385, 0.1398039162158966, 0.14839845895767212, 0.12499135732650757, 0.15050658583641052, 0.14118404686450958, 0.16449256241321564, 0.16447214782238007, 0.1182137206196785, 0.1394357532262802, 0.17477697134017944, 0.1449287086725235, 0.0958947092294693, 0.13212847709655762, 0.1285126954317093, 0.09892821311950684, 0.14984683692455292], "accuracy": [0.03500000014901161, 0.10687500238418579, 0.2356249988079071, 0.3112500011920929, 0.4112499952316284, 0.46687498688697815, 0.5406249761581421, 0.5968354344367981, 0.6418750286102295, 0.6612499952316284, 0.7049999833106995, 0.7350000143051147, 0.7443749904632568, 0.7612500190734863, 0.7856249809265137, 0.8037499785423279, 0.8181250095367432, 0.8174999952316284, 0.828125, 0.8456249833106995, 0.8324999809265137, 0.8543750047683716, 0.8456249833106995, 0.8556249737739563, 0.8662499785423279, 0.8743749856948853, 0.8899999856948853, 0.8806250095367432, 0.8962500095367432, 0.8987500071525574, 0.8993750214576721, 0.9043750166893005, 0.8999999761581421, 0.8968750238418579, 0.9175000190734863, 0.9037500023841858, 0.90625, 0.9237499833106995, 0.9006249904632568, 0.9243749976158142, 0.921875, 0.9175000190734863, 0.921875, 0.9225000143051147, 0.9200000166893005, 0.921875, 0.9393749833106995, 0.9318749904632568, 0.9206249713897705, 0.9243749976158142, 0.9337499737739563, 0.9381250143051147, 0.9331250190734863, 0.9306250214576721, 0.9512500166893005, 0.9350000023841858, 0.9493749737739563, 0.9325000047683716, 0.9518749713897705, 0.9462500214576721, 0.9474999904632568, 0.9468749761581421, 0.9387500286102295, 0.9537500143051147, 0.9437500238418579, 0.9456250071525574, 0.9587500095367432, 0.9431250095367432, 0.9543750286102295, 0.940625011920929, 0.9537500143051147, 0.9587500095367432, 0.9593750238418579, 0.9549999833106995, 0.9568750262260437, 0.9549999833106995, 0.9518749713897705, 0.9581249952316284, 0.9524999856948853, 0.953125, 0.956250011920929, 0.9543750286102295, 0.9606249928474426, 0.9700000286102295, 0.9581249952316284, 0.9568750262260437, 0.9631249904632568, 0.9587500095367432, 0.9643750190734863, 0.9624999761581421, 0.9606249928474426, 0.9693750143051147, 0.9574999809265137, 0.9581249952316284, 0.9637500047683716, 0.9725000262260437, 0.9581249952316284, 0.9624999761581421, 0.9750000238418579, 0.9599999785423279], "val_loss": [4.017748832702637, 3.0456314086914062, 2.593954086303711, 2.1303467750549316, 1.6246304512023926, 1.3093855381011963, 1.352030634880066, 1.2340713739395142, 1.1754448413848877, 0.8340633511543274, 0.9401460289955139, 0.6610006093978882, 0.6278617978096008, 0.6432843804359436, 1.384313702583313, 0.43664029240608215, 0.5360095500946045, 0.5036149024963379, 0.5141911506652832, 0.7239139676094055, 0.4591870605945587, 0.27226293087005615, 0.4935135245323181, 0.4863075911998749, 0.5144799947738647, 0.44473326206207275, 0.3560894727706909, 0.2919277846813202, 0.37727367877960205, 0.42315569519996643, 0.30218157172203064, 0.38412556052207947, 0.4526517987251282, 0.3028993606567383, 0.4180782735347748, 0.24122121930122375, 0.34878161549568176, 0.3008785545825958, 0.25886857509613037, 0.4324387013912201, 0.2741742432117462, 0.30291494727134705, 0.4192431569099426, 0.19194059073925018, 0.38140401244163513, 0.2837003469467163, 0.2833399772644043, 0.3455915153026581, 0.2099599391222, 0.27273184061050415, 0.18459375202655792, 0.6689761281013489, 0.2578827142715454, 0.23512014746665955, 0.21213512122631073, 0.32396891713142395, 0.341128945350647, 0.24759843945503235, 0.21227891743183136, 0.3004007935523987, 0.2063795030117035, 0.2866601347923279, 0.24513961374759674, 0.26093167066574097, 0.20073629915714264, 0.2549389600753784, 0.31158721446990967, 0.2688664495944977, 0.4139350950717926, 0.2715957760810852, 0.46592485904693604, 0.2860613763332367, 0.1684456318616867, 0.1424523890018463, 0.18611839413642883, 0.25900140404701233, 0.3844596743583679, 0.2237684428691864, 0.21671608090400696, 0.24478979408740997, 0.17952345311641693, 0.26372554898262024, 0.21120528876781464, 0.24046579003334045, 0.23989318311214447, 0.2912158668041229, 0.3151402175426483, 0.2039908915758133, 0.18932116031646729, 0.23351258039474487, 0.4121575951576233, 0.343993604183197, 0.6729748249053955, 0.1638152301311493, 0.26232826709747314, 0.26817071437835693, 0.20012043416500092, 0.1584560126066208, 0.2828848958015442, 0.18527668714523315],